Risk_Level,Precision,Recall,F1-score,Support
Low,0.8035714285714286,0.9,0.8490566037735849,50
Medium,0.6551724137931034,0.5,0.5671641791044776,38
High,0.725,0.7837837837837838,0.7532467532467533,37
Weighted Avg,0.735200985221675,0.744,0.7350015909182341,125
